category_name,item_rows,delivered_orders,merchandise_value
health_beauty,9465,8647,1233131.72
watches_gifts,5859,5495,1166176.98
bed_bath_table,10953,9272,1023434.76
sports_leisure,8431,7530,954852.55
computers_accessories,7644,6530,888724.61
furniture_decor,8160,6307,711927.69
housewares,6795,5743,615628.69
cool_stuff,3718,3559,610204.10
auto,4140,3810,578966.65
toys,4030,3804,471286.48
garden_tools,4268,3448,470495.28
baby,2982,2809,400421.84
perfumery,3340,3086,390144.65
telephony,4430,4093,309860.23
office_furniture,1668,1254,268154.31
stationery,2466,2264,223788.69
computers,199,177,218684.14
pet_shop,1924,1688,211695.64
musical_instruments,651,611,184315.74
small_appliances,658,609,182754.12
uncategorized,1537,1392,170726.63
electronics,2729,2517,155043.93
fashion_bags_accessories,1985,1820,149329.39
consoles_games,1089,1018,148003.37
construction_tools_construction,916,736,142108.49
luggage_accessories,1077,1019,138701.63
home_appliances_2,231,227,107953.95
home_construction,596,483,81407.57
home_appliances,754,747,78832.48
agro_industry_and_commerce,206,177,70566.10
furniture_living_room,495,414,67350.70
home_confort,429,392,58008.45
fixed_telephony,255,212,55315.21
air_conditioning,289,246,53323.56
audio,362,348,50570.60
small_appliances_home_oven_and_coffee,73,72,46589.56
kitchen_dining_laundry_garden_furniture,274,241,45531.98
books_general_interest,537,496,45302.15
construction_tools_lights,301,242,39957.00
construction_tools_safety,183,159,38773.22
industry_commerce_and_business,265,232,38498.81
food,499,441,28731.15
market_place,305,274,27795.77
costruction_tools_garden,232,190,25096.28
art,197,195,23657.30
fashion_shoes,257,235,23001.46
drinks,361,287,21529.84
signaling_and_security,197,138,21315.05
furniture_bedroom,103,90,19051.80
books_technical,263,256,18702.23
costruction_tools_tools,103,97,15903.95
food_drink,269,221,14942.88
fashion_male_clothing,125,106,10452.33
fashion_underwear_beach,127,117,9305.95
christmas_supplies,150,125,8737.84
tablets_printing_image,83,79,7528.41
cine_photo,70,63,6674.47
music,38,38,6034.35
dvds_blu_ray,61,56,4542.59
party_supplies,42,38,4465.19
books_imported,57,50,4418.86
furniture_mattress_and_upholstery,37,37,4323.38
portateis_cozinha_e_preparadores_de_alimentos,14,13,3933.63
fashio_female_clothing,45,36,2634.94
fashion_sport,29,26,2094.52
la_cuisine,14,13,2054.99
arts_and_craftmanship,24,23,1814.01
diapers_and_hygiene,37,25,1500.79
pc_gamer,8,7,1306.95
flowers,33,29,1110.04
home_comfort_2,30,24,760.27
cds_dvds_musicals,14,12,730.00
fashion_childrens_clothes,7,7,519.95
security_and_services,2,2,283.29
