purchase_month,delivered_orders,merchandise_value,active_customers,repeat_customers,in_trend_window,average_order_value,monthly_repeat_customer_rate
2016-09-01,1,134.97,1,0,False,134.97,0.0
2016-10-01,265,40325.11,262,3,False,152.17,0.0115
2016-12-01,1,10.90,1,0,False,10.9,0.0
2017-01-01,750,111798.36,718,24,True,149.06,0.0334
2017-02-01,1653,234223.40,1630,22,True,141.7,0.0135
2017-03-01,2546,359198.85,2508,42,True,141.08,0.0167
2017-04-01,2303,340669.68,2274,43,True,147.92,0.0189
2017-05-01,3546,489338.25,3479,93,True,138.0,0.0267
2017-06-01,3135,421923.37,3076,93,True,134.58,0.0302
2017-07-01,3872,481604.52,3802,116,True,124.38,0.0305
2017-08-01,4193,554699.70,4114,127,True,132.29,0.0309
2017-09-01,4150,607399.67,4083,141,True,146.36,0.0345
2017-10-01,4478,648247.65,4417,144,True,144.76,0.0326
2017-11-01,7289,987765.37,7183,220,True,135.51,0.0306
2017-12-01,5513,726033.19,5450,167,True,131.69,0.0306
2018-01-01,7069,924645.00,6974,223,True,130.8,0.032
2018-02-01,6555,826437.13,6400,252,True,126.08,0.0394
2018-03-01,7003,953356.25,6914,225,True,136.14,0.0325
2018-04-01,6798,973534.09,6744,211,True,143.21,0.0313
2018-05-01,6749,977544.69,6693,235,True,144.84,0.0351
2018-06-01,6099,856077.86,6061,215,True,140.36,0.0355
2018-07-01,6159,867953.46,6100,208,True,140.92,0.0341
2018-08-01,6351,838576.64,6310,200,True,132.04,0.0317
2018-09-01,0,0.00,0,0,False,,
2018-10-01,0,0.00,0,0,False,,
