order_id,order_status,item_subtotal,freight_total,payment_total,difference
ce6d150fb29ada17d2082f4847107665,delivered,1299.00,104.66,1586.47,182.81
6e5fe7366a2e1bfbf3257dba0af1267f,delivered,179.19,108.72,406.92,119.01
70b742795bc441e94a44a084b6d9ce7a,delivered,269.99,196.94,578.82,111.89
996c7e73600ad3723e8627ab7bef81e4,delivered,559.90,28.00,664.43,76.53
70b7e94ea46d3e8b5bc12a50186edaf0,delivered,167.88,45.27,274.84,61.69
bc2c82b0ef78d2252b6176d1972db7c9,delivered,165.00,77.01,303.02,61.01
af9ffff2ce6b3defd34fd4c78857a379,delivered,395.65,17.52,466.97,53.80
262118ce178bb3e4590a3adcf6d62e6b,delivered,119.80,57.94,126.12,-51.62
bfdb5bbb06458d600a33d61f5f287472,delivered,297.00,51.93,394.36,45.43
8d9c0dc8d5a2ce804f6b925d8f8e6c1d,delivered,209.80,44.65,293.89,39.44
b7579d24f5b2dd3e20f2e57d0e07d170,delivered,447.00,19.28,504.37,38.09
abf1130bc676c9dcadf91e24f5e30a30,delivered,391.60,67.76,496.89,37.53
b76190a2c095fba255ab46987545a660,delivered,196.80,31.11,263.24,35.33
32720c0c8b42f4c2cdb07cee5ec2444b,delivered,139.00,85.75,259.59,34.84
6b0ac1bdea322c7060eea92feb9e9a6f,delivered,264.00,63.87,362.56,34.69
ee9dfabed586581a184f72e03544b4a2,delivered,289.00,18.50,342.12,34.62
e8295bee3fcc58cbd94f165f36c11f4b,delivered,99.90,17.95,151.93,34.08
dd7a24d1088cf9ed90329fb0dee088f4,delivered,249.00,10.31,293.07,33.76
a69aaa894f707814637e9794aa556f0f,delivered,144.80,34.55,211.87,32.52
513a94a0164453b4777d125b836f7ca1,delivered,184.10,24.09,240.47,32.28
af37018fa60dd6b208ca5c88052cffee,delivered,157.30,81.88,270.34,31.16
3e24e141d5703b84337db96998991424,delivered,218.90,17.29,266.94,30.75
21ff9e52b420083bfc502b827916d069,delivered,199.80,35.90,266.38,30.68
016726239765c18f66826453f39c64e3,delivered,219.99,15.14,265.77,30.64
235a7628971a90567378815bf35d2a67,delivered,158.90,29.68,217.82,29.24
239f380355f65dcb68551f07d16fc4a8,delivered,149.00,73.63,251.63,29.00
a52e6fa2d7c6ecaf73ff5f7f10438339,delivered,189.00,18.00,233.97,26.97
3c845174981c9b87340aa1ce5ef7fc9e,delivered,186.97,66.98,280.80,26.85
3198796f14214053998f8f2eca1c9c59,delivered,130.00,42.94,199.75,26.81
294b7da16c27e408f2137e10de0d9495,delivered,181.56,18.52,226.14,26.06
6f0c925fc5d548afcddeea046d4e30d1,delivered,238.00,17.92,281.89,25.97
1cd8d1567debd198821fe9d46d99b5b1,canceled,89.50,15.38,130.00,25.12
78d7cdfcab0a42ea5428365d6ad0ff34,delivered,139.90,15.56,179.55,24.09
cabb660c11fb7f6bbb5f454ea09c0b9f,delivered,229.80,25.01,278.70,23.89
33a7b8ae888999afb219263e9a36fb77,delivered,148.00,27.34,198.19,22.85
37af0498017bcfbffca8855bdc9ecc6b,delivered,153.00,18.32,193.63,22.31
44be450f0262cf8f77ea4fcab05dafa3,delivered,149.00,20.28,191.32,22.04
00789ce015e7e5791c7914f32bb4fad4,delivered,154.00,14.83,190.81,21.98
2fdb4ded4a31592814f6865adcaf9ea7,delivered,189.00,17.89,228.78,21.89
fd33085945f15975375cd8ec85440511,delivered,217.99,16.63,212.82,-21.80
3b773756d8fc59a7cd1a0c4ac584e397,delivered,140.90,26.27,188.96,21.79
e42760f40f2fba3ba7529b6157adf501,delivered,129.00,18.00,167.94,20.94
8d282c2ddced263b2c6ddf398e3fb6dc,delivered,249.00,49.18,318.96,20.78
8c82eab3813ca92415655a5e4b1a8b7a,delivered,55.00,12.73,87.32,19.59
29692492693482bc3acf19d97fac69f8,delivered,109.90,13.79,142.86,19.17
958e0d4145c40f4951c1bf4d2cf1166a,delivered,109.90,13.11,142.07,19.06
ac68b19902b80f75c025b4646f1d9e7c,delivered,110.00,70.07,198.83,18.76
4324f32177ce15c52c8e1c570c259dc0,delivered,98.99,20.77,138.31,18.55
aeffea2c78ec9b15d6cd7478c9072c07,delivered,99.90,17.18,135.22,18.14
6b956d19010e956e03b175e66b2b7142,delivered,62.70,12.78,93.58,18.10
e99bb46d32c47a666290f7c5928f7236,delivered,119.99,16.60,154.38,17.79
3f0f2949423ea4caec394b9d09f075dd,delivered,199.99,17.65,235.42,17.78
53e57107ef6a155ab06400be24aa7922,delivered,99.00,13.27,129.68,17.41
b8b3f1a93f6899699c4cfab3f0cb85e0,delivered,89.99,18.87,125.74,16.88
10a6730b0b333e2b017dd139a0530f19,delivered,97.90,29.09,143.53,16.54
6e57e23ecac1ae881286657694444267,delivered,330.00,20.41,333.91,-16.50
580f3268bc2075c5961b2d2929c7a35b,delivered,87.85,17.86,122.10,16.39
a2c173a8905b6e8f3c6ea83b7d9c6b91,delivered,115.00,38.36,169.60,16.24
971d58b94f7bda9a79f4847e1509a433,delivered,47.00,20.67,83.89,16.22
c9c703564ad4d6fb43a1cff5524574ac,delivered,142.00,12.49,170.58,16.09
a196d7c6ecd939360a6dfbee0ebacadb,delivered,99.90,23.57,139.55,16.08
4154bf1348caac78152fe76e3e9c4af8,delivered,149.90,15.36,150.27,-14.99
faf132fb35b3b3b533a67efbd6e7c02d,delivered,89.90,25.12,130.01,14.99
9ea6d21c1c1b510f96f7917419175197,delivered,98.00,16.94,129.89,14.95
6dcf0aeb8b1eb4021c26e1d0e9394979,delivered,299.00,34.92,318.97,-14.95
061c97a9bd7911f9d2031e1b820c344f,delivered,299.00,16.26,329.80,14.54
2f722ee8f3d3db0d19cee8ebea6fa69e,delivered,77.80,32.22,124.35,14.33
2f9d4ee8ca77fe0951ebfe9064cad953,delivered,79.90,11.17,105.19,14.12
c5bb8cf75ccd20ee373200ab31628770,delivered,89.90,17.88,121.80,14.02
9224db86cedf958891e1b1afb4ad570c,delivered,38.89,50.00,102.67,13.78
0e556f5eafbf3eb399290101b183b10e,delivered,49.80,45.86,81.90,-13.76
c69be353fa727fbeba5c4b39dfb9dbc8,delivered,64.99,22.77,101.39,13.63
156ba06ab4556cd19613dca1cefa9f7a,delivered,69.90,17.74,101.22,13.58
487ebdc91b499c9442c96f81d71dcf7d,delivered,120.00,21.64,155.14,13.50
3263ce99ba29ddb2a3a4133210581dce,delivered,89.90,13.58,116.95,13.47
1f4e46205be9ddf4f9b0e98b11a1a570,delivered,79.90,19.53,112.36,12.93
34e6b9f685df8e8b6465a715689c749f,delivered,97.40,25.17,135.34,12.77
b8bf711248376c421faaea8f02d149f9,delivered,49.80,29.04,91.06,12.22
a055f8239d18a2008883be78eb09cf41,delivered,58.90,19.60,90.67,12.17
fa0d5b3cb1f2221766145a60ba18ac64,delivered,109.90,19.31,141.32,12.11
2dbe4c889950d30ef0988bbcac7ca86b,delivered,62.90,14.17,89.01,11.94
9be011772d473c8a8c87e86029ab511c,delivered,119.89,30.84,162.65,11.92
3c052d74f852adbeb14c7e8da52b9e6e,delivered,109.90,15.53,137.17,11.74
585f3aa654c4d58eb968fc4fe6e3e92e,delivered,69.90,19.73,101.31,11.68
4c57f545143e8865ca2347d8cba154a7,delivered,124.99,14.62,151.01,11.40
63cb2376233663b05e9beb6bd9206c65,delivered,59.50,13.44,84.25,11.31
a60e074eb5678582482c8bc0612e591c,delivered,58.00,16.66,85.65,10.99
469f0b908881368c45917f1bed8240ce,delivered,66.99,17.21,95.17,10.97
a800ac0385a83264291f978ab075dd68,delivered,45.00,25.38,81.29,10.91
02f4dd90ba0feb8ec394cac05862d2b5,delivered,79.90,51.06,141.65,10.69
c915c070ee2f91af30208cd30cd0dee0,delivered,139.90,12.37,162.88,10.61
911a1257a699f1b61ec55aa88eace3bd,delivered,52.30,16.13,79.04,10.61
9f98fbb9d688c4f3356987801b19286d,delivered,44.90,35.84,91.26,10.52
8092da256aefda13b330290d2ca86521,delivered,103.90,11.75,105.26,-10.39
2bdfeff498c8742708633364e3eeee08,delivered,69.90,9.27,89.48,10.31
e0578c04575c73456bf9891ae5db8c5a,delivered,49.90,28.75,88.90,10.25
ac75a9ba33bcc9cefc7e36b0f4cc044a,delivered,53.90,11.88,75.98,10.20
e57d9d7eca079892fe0aee2b0cf96311,delivered,89.99,15.39,115.42,10.04
aa6bd33ba1853d846d3085a88ae37083,delivered,19.90,15.24,25.14,-10.00
4387477eec4b3c89b39f3f454940d059,delivered,198.00,33.92,222.02,-9.90
5f20455f0e74de9eae30de410c811013,delivered,65.90,17.17,92.87,9.80
8fc4cc76b7842723f0f25209b4420b85,delivered,44.90,17.92,72.55,9.73
0b13a698a0b7a62e8ec891081558b7aa,delivered,39.90,22.67,72.27,9.70
ee5dbc8989dbc768ce58b68213bfc285,delivered,89.99,13.65,113.34,9.70
87a71a39b50dac1a8ad74cddfaa82703,delivered,59.99,13.44,83.00,9.57
033ccfbdfc4d29677b7e1e6df3a82820,delivered,49.00,10.96,69.26,9.30
139be8870b91e71fd70bb366305c8cde,delivered,120.00,13.18,142.46,9.28
fbf352b18a26c6a86a53cca922facd25,delivered,109.80,41.74,160.80,9.26
c6f6cbb3c845593222d5c594bb69c5fd,delivered,89.90,23.43,104.34,-8.99
ddcf6c758c04fe3f2e0d1ae301ec5f40,delivered,39.90,17.78,66.62,8.94
bcc3b9b2b1b0f27be6e2816968b08fc6,delivered,76.80,32.22,117.93,8.91
705eccb4d371ea1443a991787d36b59c,delivered,39.90,16.79,65.47,8.78
51d435906a0487f17df29d38429e931b,delivered,108.90,16.39,134.03,8.74
e003d94282e5f1e45760dde794a8a173,delivered,99.99,16.33,125.06,8.74
501f63846d45f483acca1c6e89398610,delivered,44.50,22.28,75.49,8.71
c02d29676287677de34ae218da13f8d1,delivered,79.00,13.57,101.24,8.67
ddad987b1ab585281640b4b7e7261ede,delivered,89.80,15.38,113.77,8.59
47bc2fbe3e9b64a723dd530a4f1612b8,delivered,49.99,15.79,74.35,8.57
47e786d6d06274aaf984ca007751f3f0,delivered,39.90,25.63,74.07,8.54
b05922c45fc699ae9049a2c5add3e02a,delivered,49.90,15.11,73.48,8.47
06d7e8a85f5cfef576c5303ed7d7f2e5,delivered,49.00,14.72,72.02,8.30
154b66f3b29e92e4c9fc7f1ad60cb668,delivered,47.99,15.10,71.31,8.22
a77a378498a60424c73641a2bce561f8,delivered,45.90,16.11,70.09,8.08
f44845a8eeec9bf829093ad92c846c09,delivered,39.45,22.21,69.69,8.03
03b218d39c422c250f389120c531b61f,delivered,38.50,11.74,58.03,7.79
49123f75e5d9507cec9455b2ed989913,delivered,44.90,14.52,67.16,7.74
8b7fd198ad184563c231653673e75a7f,delivered,39.99,9.34,56.97,7.64
6dbcce18ba1c717a5f29d192415872ea,delivered,79.00,13.57,100.14,7.57
f7d17bafe7c67afef77b8a96ad5abfd3,delivered,89.90,18.20,115.64,7.54
5ddee063fdf0f2a5c828b499fb857e85,delivered,50.00,7.61,65.10,7.49
05252513392111e8721062d8ecd9edb1,delivered,45.00,11.85,64.26,7.41
b887a2e34410f9ca015c231938fc3842,delivered,26.90,19.32,53.38,7.16
91fe2d042bdf1fb8d6f2fc33f209ec04,delivered,32.99,21.15,61.19,7.05
bf49f84a0580ef6751e13357776b7ed9,delivered,39.00,15.10,61.14,7.04
e3d86ff081e92dedbd7b2a87838f0159,delivered,55.90,44.24,107.12,6.98
e576bdc500f0c1c9a1b2a3ccce7000fb,delivered,27.75,25.63,60.35,6.97
8d2a68ca0ac61329c56e0b74695b04b4,delivered,49.90,16.11,72.90,6.89
ee38b45af2d4e705a88a37af7f0cda97,canceled,44.90,7.94,59.73,6.89
7e00454e2e8b8b2e12e9a580ec77f00c,delivered,40.00,18.38,65.27,6.89
d9647302d75348f06e63f8444ef95544,delivered,39.90,12.69,59.44,6.85
33711ce52ccf7b8dcb0deaf37f573d32,delivered,99.00,15.44,121.07,6.63
f05e32e2cc67748c34a77da2ff68841c,delivered,24.50,25.63,56.65,6.52
82b5afc1133f4b14abbcb31fd3a3fa5d,delivered,44.90,16.11,67.46,6.45
90f4238d4a0d8f6371e4fbb18af5df64,delivered,29.90,10.96,47.19,6.33
320dcf288de15e4ff06ebbfce4e42c78,delivered,61.80,25.75,81.37,-6.18
995ecfdb2406d9b579cf84368f42e7a0,delivered,89.00,17.87,113.05,6.18
b495ec18170fb28a3610c8d3ab464442,delivered,24.79,14.52,45.40,6.09
e4406088398131aed8c21c5a4ec3442b,delivered,89.90,13.65,109.55,6.00
e74dce994d1d4b754ec4a4e709b8b65b,delivered,34.20,11.89,52.09,6.00
dc6b76e937308e88a3464d0f4352b959,shipped,31.90,14.10,51.99,5.99
3837859eff41b5dbbd1dfad5a066d0ae,delivered,19.99,18.23,44.15,5.93
9eac94dce77597b831e8c0dfc584bc8b,delivered,39.99,15.79,61.68,5.90
36d2de07c140425e7bd617c3665b5f80,delivered,59.00,13.08,77.97,5.89
5f9e345bd69028860ff1b6a72c26dc45,delivered,37.00,7.78,50.61,5.83
4d4aac37e91472a2cbb36ee91d35866f,delivered,55.00,14.75,75.44,5.69
cdcbc6b851b5053b23ca73bc17d2ba50,delivered,34.90,12.69,53.21,5.62
cc2e56876c1e46ae38eb40eb187b23a9,delivered,29.50,13.08,48.13,5.55
d5575392b459cfde23795e925c6ce5d4,delivered,59.90,18.70,84.08,5.48
9686875d0d9dcbe392244b6773605882,delivered,62.20,16.20,83.87,5.47
74016effecaa79d592487f6a4ee47d4b,delivered,36.99,14.52,56.96,5.45
6f393015477564624446a2b4c948c0f0,delivered,19.90,15.10,40.43,5.43
0345ba423eed2b009e0e407b19c422e4,delivered,60.08,17.67,83.17,5.42
7955ebc3660bd2a004a4eaa016b3a190,delivered,59.90,17.67,82.98,5.41
028aa7c930356788f861ed1b7f984819,delivered,39.90,17.63,62.94,5.41
debc12ca3f03ddd2137fa497916c4590,delivered,58.99,17.66,82.00,5.35
3f3d5f3033e9139ee7290ce6c74b6b79,delivered,50.00,25.63,80.90,5.27
c252ac96b969b3f1f2c4b266a7a98c28,delivered,59.98,15.56,80.81,5.27
1811959f3ced8abc0645c21285a5a4d5,delivered,55.90,18.67,79.78,5.21
a7db257661f3cc8b9b661474199da586,delivered,16.59,16.79,38.55,5.17
d8523695fd09e96dd93c94cde119c037,delivered,66.00,23.39,94.56,5.17
04e00ba23c33890eaee39b02e8185cc2,delivered,33.90,14.40,53.41,5.11
9f47e04f95b2bba1442d5bbf0611733e,delivered,49.90,11.85,66.79,5.04
ccd9c560145e965fc5c037e0cc1160b8,delivered,23.99,14.10,43.05,4.96
051fcda88d997d3ff86012da2a556342,delivered,49.00,7.60,51.70,-4.90
40c3b608098b72f21af4a0a9006af9d2,delivered,42.93,15.40,63.10,4.77
eff853aac91ab73f53304207c4571d1f,delivered,21.99,14.10,40.78,4.69
e840e5955073ba6b71936b76740014f4,delivered,18.75,17.06,40.48,4.67
b3f7e36f7ae979c02959004e9d800387,delivered,49.90,15.56,70.04,4.58
502668fa85b6cff5243cf74ce4100182,delivered,13.98,15.10,33.59,4.51
f49de64f8655abdc94a86603570e10ec,delivered,54.90,17.95,77.23,4.38
5ec8127f0e7abadc5ee625f266ee0742,delivered,17.90,18.23,40.36,4.23
82a914d5f7af95901a18ef83b388bd4f,delivered,21.86,17.60,43.63,4.17
96c0cb58d9c14384c9441f49917a911f,delivered,29.30,13.71,47.04,4.03
38246d20fb91403c9ed13e1aa3c665ad,delivered,54.43,15.13,73.59,4.03
84d6d9710c8af32b5e88f2d1c14ab871,delivered,49.90,7.78,61.70,4.02
bdd163683d4bc75b0b2b7a8d9e1ccd26,delivered,34.90,34.15,73.05,4.00
3fa397654fcf223b8d6f73a428c75041,delivered,69.90,16.19,90.05,3.96
ed4116f3f55e67e9a26b9f1891ba2497,delivered,78.00,83.47,157.57,-3.90
ecc1f5f885620b17543f01bf228ccd0a,delivered,29.99,17.14,50.99,3.86
d2e9aead95751dd6bd0ce80e7d506c53,delivered,14.97,14.52,33.33,3.84
3adc794e637a2ef67f006b35b36904a4,delivered,24.99,21.15,49.91,3.77
77411858d5ea9f0dec6b071cec64349f,delivered,12.99,15.23,31.89,3.67
fa87437f971fce498b2184cd2401e23e,delivered,49.90,13.37,66.93,3.66
911e92767c07ba9926268bae6b4362b3,delivered,26.50,19.59,49.73,3.64
e4e9fa1ceb459e9dfebba5e0b09849f3,delivered,69.90,8.86,82.39,3.63
99d4dd36318ceb97e9feda8baade3ce2,delivered,68.99,7.78,80.31,3.54
5570ac493a57e5dc00296c8de3813672,delivered,31.90,28.82,64.24,3.52
4f7e7db8a14c1448fb17c00bcf1b8564,delivered,39.99,18.23,61.59,3.37
2fadef94d26b8d88791d48a31129380d,delivered,44.90,12.79,61.04,3.35
eaf0add60b176b64a692a1e382addea8,delivered,39.90,16.79,59.98,3.29
515ff4f26a0c57c5011d891e45f3ed2f,delivered,59.90,16.05,79.18,3.23
5e605c248def72c23690c44126f8ecb6,delivered,39.99,15.10,58.28,3.19
7d57370d053b938c6dda99e5b72ad270,delivered,50.00,17.60,70.72,3.12
7c9669c84a4eea3a3ab4f052945346b0,delivered,35.00,9.34,47.43,3.09
ab39f24d0e515ab82f849a72b61597d3,delivered,56.99,8.72,68.74,3.03
f51fb43d2d69e83cc9cca35f9706798b,delivered,30.21,13.37,46.61,3.03
c8bedae351d76a3163c9840172c1285f,delivered,29.90,7.47,34.38,-2.99
e2cba9bee26acacfd8100088c465cce4,delivered,39.90,11.85,54.74,2.99
da335e512c5172e253ee80cb42acf8aa,delivered,103.90,10.25,117.12,2.97
9a85e7c1fbe3b6519b2f943527d21426,delivered,48.50,15.10,66.53,2.93
5b4e981913377d776f83cb4ffd82ad31,delivered,29.90,11.85,44.67,2.92
7e4ac7e51f277ac8bd918f82063b20d8,delivered,45.90,16.11,64.89,2.88
14bceeaef362188c60dedfe65e428001,delivered,19.99,14.52,37.33,2.82
4b3176150cda3ef1348ba91dfb6c7b32,delivered,31.90,14.10,48.67,2.67
3993ec583d077dd338c870d8b1f8d213,delivered,37.95,7.87,48.46,2.64
6cff0c3dacf64bb7cb2ad584b81b7d0d,delivered,25.99,7.44,30.83,-2.60
bd1a75149b4f3c4c2810386211835917,delivered,31.90,12.48,46.95,2.57
67e09c3ba79d3041e1653c7dbf03425f,delivered,21.99,15.10,39.62,2.53
e73fe43cdcd166f7f0c6e3c2bf11a917,delivered,49.90,9.10,56.50,-2.50
90d589e42b7249c447d31594bd992684,delivered,45.36,8.72,56.57,2.49
99e5f0c685ca94e5a1c7134b1898bb1a,delivered,29.00,7.46,38.94,2.48
21ca56b276a6b8d082a1261f33786085,delivered,49.90,14.10,66.46,2.46
94d1193f2a0ae739f23399b913bd577c,delivered,19.90,13.37,35.59,2.32
65320cb291f4cacd8b0114a29eafa4c7,delivered,23.90,8.72,34.89,2.27
8b5058499c412c6cf8d013de40e4f9d2,delivered,29.45,19.32,51.02,2.25
5ac0d2c1229ba07ea5cd990360b21e34,delivered,39.90,8.72,50.86,2.24
aad7d7dacb681055d348e02842f0590b,delivered,17.50,15.10,34.82,2.22
12619b9be5cc3665b3f36f1e4b4d0ffa,delivered,19.99,17.78,39.95,2.18
fdb034f444a32838124d8907e443d249,delivered,18.90,12.48,33.56,2.18
b153668d9576aeae5c424bf7b125eea2,delivered,26.88,19.38,48.40,2.14
164a6c920f4a6f51223792333af13e24,delivered,44.90,16.11,63.12,2.11
3f319eb09e31aa1ea2a4079bdd655c62,delivered,36.30,7.39,45.71,2.02
01e51b7c3025655646143d09b911e1d7,delivered,19.00,14.10,35.02,1.92
91fbb4bf79cbb5c19eb018248c0fe683,delivered,94.90,14.39,111.19,1.90
c14323552816050d396da49c9f23ae1e,delivered,16.80,15.10,33.75,1.85
f1c86b9191896bcf9077ec22b6248153,delivered,25.34,30.46,57.60,1.80
d9257c8e34393415a403600f6289fbc4,delivered,22.68,15.10,39.52,1.74
6aaedd714ad6929fc4df8d51bd4cfe9a,delivered,46.80,14.52,62.99,1.67
c235e3fbe42d171c9177e6664107170d,delivered,12.50,7.78,21.94,1.66
6fa0c125ee7d870f6602c97e33d87bc5,delivered,31.99,15.32,45.71,-1.60
ec3921c711c656d036c7316503867f69,delivered,19.99,14.52,36.10,1.59
66b04218fe3a0af6ca54d243ecfb3737,delivered,27.90,16.79,46.24,1.55
8ccbe46ffeae4720eba99d2d2de07542,delivered,16.90,11.85,30.30,1.55
596b168ac4fd56e69b35087afaa8ae59,delivered,14.60,15.23,31.21,1.38
5af817dcc7682f13101dbdef134be4e0,delivered,29.99,14.10,45.42,1.33
57a82955454fb2a9a18633d841ac480d,delivered,12.99,9.34,23.62,1.29
c253cb678b5c3b8e8c9a13fc97d8e7f5,delivered,14.90,20.80,36.94,1.24
aa962f90c14940f2df3c6184f35a2184,delivered,21.15,14.44,36.82,1.23
bcb9cb204fb7137dcb5dc3fdb94f11e5,delivered,21.50,7.78,30.29,1.01
882634702ad671a4a28319adef8f058b,delivered,9.99,7.39,16.38,-1.00
9e98692197ace8ec15c6db45b5bfd9bf,delivered,19.99,7.78,28.73,0.96
f090de1b2ed9f4e251662cb31e3c7127,shipped,15.75,10.96,27.63,0.92
05d5a67b06f86425711075939a164657,delivered,9.99,7.78,18.38,0.61
6508f1528c3648c8a9f751e811520269,delivered,35.00,15.10,50.70,0.60
3ff25314bbe9dc1ec7c983499bdff8f2,delivered,76.80,33.58,110.97,0.59
af9f47d85cb6d0717a873ddb331a1b6b,delivered,27.99,19.04,47.40,0.37
2240d9349c55949c40dbfcc98ece280c,delivered,69.90,24.69,94.95,0.36
e393acae9e64be5b2a7d48ef2ae87710,delivered,39.99,7.39,47.73,0.35
b38b3526b8b8fdc807e8a0a42ab78573,delivered,22.32,7.74,30.19,0.13
8272b63d03f5f79c56e9e4120aec44ef,delivered,31.80,164.37,196.11,-0.06
04993613aee4046caf92ea17b316dcfb,delivered,440.00,84.32,524.28,-0.04
3e073b27114fe955e184db124d34a566,delivered,1020.00,27.96,1047.99,0.03
69840aae60642aee7093192b37961c08,delivered,1800.00,172.00,1972.03,0.03
090ece27665c1cc89eda287f8e834e11,delivered,69.84,11.88,81.69,-0.03
d573cf2d2bd145e4bc855132a6c815af,delivered,935.94,26.40,962.31,-0.03
9bdf94af058f959fbc09c3ea1eb32465,delivered,172.14,55.52,227.63,-0.03
612d140e314dab491efb33ec8219c2ee,delivered,129.38,94.76,224.17,0.03
674eb13687ba86abeaee12ece9ce0309,delivered,127.00,21.00,147.98,-0.02
8adafb3466daa5395694d3a906ff9d40,delivered,168.00,50.02,218.00,-0.02
38fa147f3463d7751cb8a2b2455d628c,delivered,120.00,54.04,174.02,-0.02
94dcbb5ca9d603177841a40f3d630483,delivered,245.30,57.52,302.80,-0.02
37311087440803cc1960343121d1de26,delivered,249.95,76.86,326.79,-0.02
76e1398ff6f5ed6b681d270df349e3f8,delivered,249.50,87.98,337.50,0.02
98ffd20f7510aafde026fc41c46876b1,delivered,444.00,98.96,542.98,0.02
0693ed674763a4fc34e2c763c7fd25c2,delivered,576.56,66.08,642.62,-0.02
8dd554aaa8e7d61ddde56ba4189c780f,delivered,191.39,115.82,307.23,0.02
778d6f8f92b218606a82dc5d2f5221e2,delivered,399.60,68.80,468.42,0.02
71dab1155600756af6de79de92e712e3,delivered,1361.89,626.64,1988.55,0.02
637617b3ffe9e2f7a2411243829226d0,delivered,958.80,288.15,1246.97,0.02
df13cbaf3230c62a4b582317936e8a39,delivered,205.52,91.52,297.02,-0.02
1c437b4d4326d36b71e91dd7a7c2c4f6,delivered,129.30,134.13,263.45,0.02
8fbcb92faf1aa60361f61ed7ae721a7e,delivered,63.50,76.53,140.01,-0.02
7d68f1da2ad6d6fa877e000788daf541,delivered,189.98,101.52,291.52,0.02
dc3adcf742779e0c8eb5bd587ed4ec57,delivered,635.38,92.18,727.58,0.02
87440e08790d85796f5b8bc9f5ed2707,delivered,285.80,76.56,362.38,0.02
bb2e64c3040ceb9b7ca2bfc602adca08,delivered,248.00,9.36,257.34,-0.02
e0f7f2941ad3a817c0cdb8f90b13f0f3,delivered,239.40,16.98,256.40,0.02
363524b17966c3a64696d5a68c5f4d34,delivered,213.50,62.63,276.11,-0.02
4b8790aad555862909b489f99383b16c,delivered,459.84,334.64,794.46,-0.02
1cb61aaa63135f552055cf1932adf3be,delivered,215.60,78.04,293.66,0.02
2edcf6adbf3719366560d6863cb28799,delivered,860.00,103.36,963.34,-0.02
7f2c22c54cbae55091a09a9653fd2b8a,delivered,773.50,274.79,1048.31,0.02
848b0561d4bc26f57b288a5004f38683,delivered,452.98,151.88,604.84,-0.02
e09dd765041e9934d762d51ccb26adee,delivered,59.40,50.02,109.40,-0.02
8fc11d5503f6e2b6e15242e0365633e4,delivered,571.20,25.98,597.20,0.02
62ce4e3989a3477928510bb4d1064cc4,delivered,229.70,46.62,276.34,0.02
ba21298fdb05dad91b7b31f4b3b17364,delivered,359.40,16.98,376.40,0.02
cc460ac4435835dfdda5526dfe84f01f,delivered,185.40,52.34,237.72,-0.02
1ae8a88bf94d02224f932e18297baa64,delivered,424.00,213.09,637.11,0.02
7b598857cddf46a156640f69f70a6e6d,delivered,541.00,200.31,741.33,0.02
1daecbe2a13ab0881c418e978f1e08c1,delivered,194.50,46.69,241.17,-0.02
6ecf7023e8dd4ec8b08746c35b9fcb60,delivered,99.78,64.08,163.88,0.02
5b7906a5a90957b0020ae90b2d7caf1b,delivered,59.95,70.48,130.45,0.02
